id,created_at,name,audio_url,image_url,amount
1,2025-04-17 20:22:55.499253+00,yahya,https://ftnjenusajmwbrqlshob.supabase.co/storage/v1/object/public/hackfest-resources/refund_aud1.mp3?,,
2,2025-04-18 18:59:45.767388+00,Christopher Williams,https://ftnjenusajmwbrqlshob.supabase.co/storage/v1/object/public/hackfest-resources/refund_aud2.mp3?,,
3,2025-04-18 18:59:45.763671+00,David Garcia,https://ftnjenusajmwbrqlshob.supabase.co/storage/v1/object/public/hackfest-resources/refund_aud3.mp3?,,
4,2025-04-18 18:59:45.826198+00,Robert Jones,https://ftnjenusajmwbrqlshob.supabase.co/storage/v1/object/public/hackfest-resources/refund_aud4.mp3?,,
5,2025-04-18 18:59:45.887198+00,Ashley Rodriguez,https://ftnjenusajmwbrqlshob.supabase.co/storage/v1/object/public/hackfest-resources/refund_aud5.mp3?,,
6,2025-04-18 18:59:45.969566+00,Amanda Martinez,https://ftnjenusajmwbrqlshob.supabase.co/storage/v1/object/public/hackfest-resources/refund_aud6.mp3?,,
7,2025-04-18 18:59:45.998559+00,Jane Smith,https://ftnjenusajmwbrqlshob.supabase.co/storage/v1/object/public/hackfest-resources/refund_aud7.mp3?,,
8,2025-04-18 18:59:46.076201+00,Jessica Wilson,https://ftnjenusajmwbrqlshob.supabase.co/storage/v1/object/public/hackfest-resources/refund_aud8.mp3?,,
9,2025-04-18 18:59:46.082337+00,Emily Brown,https://ftnjenusajmwbrqlshob.supabase.co/storage/v1/object/public/hackfest-resources/refund_aud9.mp3?,,
10,2025-04-18 18:59:46.083349+00,Michael Davis,https://ftnjenusajmwbrqlshob.supabase.co/storage/v1/object/public/hackfest-resources/refund_aud10.mp3?,,